﻿<?xml version="1.0" encoding="utf-8"?>
<GuiConfig FileVersion="1">
  <buttons>
    <style forecolor="#ffdcdcdc" backcolor="RoyalBlue" framecolor="RoyalBlue" gl="False" checkcolor="#ffdcdcdc" hovercolor="White" presscolor="White" nimages="1" pressscale="92" />
    <style name="glbutt1" forecolor="Navy" backcolor="Transparent" framecolor="Transparent" gl="True" checkcolor="Navy" hovercolor="Navy" presscolor="White" nimages="1" hoverscale="106" />
    <button dock="tr" x="10" y="100" w="48" h="48" style="glbutt1" image="glButtHome1" />
    <button dock="tr" x="10" y="160" w="48" h="48" style="glbutt1" image="glTopView" />
    <button dock="tl" x="10" y="30" w="48" h="48" image="buttUndo" />
    <button dock="tl" x="60" y="30" w="48" h="48" image="buttRedo" />
  </buttons>
  <controls>
    <style name="TopBars" forecolor="#ffdcdcdc" backcolor="RoyalBlue" framecolor="RoyalBlue" checkcolor="#ffdcdcdc" hovercolor="White" presscolor="White" nimages="1" pressscale="92" />
    <style name="SideBars" forecolor="White" backcolor="RoyalBlue" framecolor="RoyalBlue" applysubcontrols="False" />
    <style name="Windows" applysubcontrols="True" />
    <style name="gltext1" forecolor="White" backcolor="Transparent" framecolor="Transparent" gl="True" />
    <control name="pmove" x="20" y="90" />
    <control name="pscale" x="20" y="90" />
    <control name="protate" x="20" y="90" />
    <control name="psupport" x="20" y="90" />
    <control name="pviewopts" x="20" y="90" />
    <control name="pconfig" x="20" y="90" />
    <control name="pmeshtools" x="20" y="90" />
    <control name="pscenetree" x="20" y="90" />
    <control name="pobjectinf" x="20" y="90" />
    <control name="pmachinecontrol" x="20" y="90" />
    <control name="pmanualgcode" x="20" y="90" />
    <control name="pprojectorcontrol" x="20" y="90" />
    <control name="clayernum" x="0" y="80" />
    <control name="progress" x="10" y="80" style="gltext1" />
    <control name="mainmsg" x="100" y="8" w="400" style="gltext1" />
    <control name="timemsg" x="100" y="34" w="400" style="gltext1" />
    <control name="pnlTopIconsMain" style="TopBars" />
    <control name="pnlTopTabs" style="SideBars" />
    <control name="pnlRightBar" style="SideBars" />
    <control name="pnlLeftBar" style="SideBars" />
  </controls>
  <decals>
    <bar dock="nc" color="White" />
    <image image="cwlogo_tr" dock="tr" x="0" y="0" />
  </decals>
  <sequences />
</GuiConfig>